<?xml version="1.0" encoding="UTF-8"?>
<project-private xmlns="http://www.netbeans.org/ns/project-private/1">
    <editor-bookmarks xmlns="http://www.netbeans.org/ns/editor-bookmarks/2" lastBookmarkId="0"/>
    <open-files xmlns="http://www.netbeans.org/ns/projectui-open-files/2">
        <group>
            <file>file:/C:/Users/HP/Documents/NetBeansProjects/Employee_Manager/src/java/Edit.java</file>
            <file>file:/C:/Users/HP/Documents/NetBeansProjects/Employee_Manager/web/index.html</file>
            <file>file:/C:/Users/HP/Documents/NetBeansProjects/Employee_Manager/web/WEB-INF/web.xml</file>
            <file>file:/C:/Users/HP/Documents/NetBeansProjects/Employee_Manager/src/java/Delete.java</file>
            <file>file:/C:/Users/HP/Documents/NetBeansProjects/Employee_Manager/src/java/employee.java</file>
            <file>file:/C:/Users/HP/Documents/NetBeansProjects/Employee_Manager/src/java/viewemployee.java</file>
            <file>file:/C:/Users/HP/Documents/NetBeansProjects/Employee_Manager/src/java/EditServlet.java</file>
        </group>
    </open-files>
</project-private>
